<?xml version="1.0" encoding="UTF-8"?>

<Configuration>
    <Properties>
        <Property name="basePath">logs</Property>
    </Properties>

    <Appenders>

        <File name="FILE" fileName="${basePath}/serverlogfile.log" append="true">
            <PatternLayout pattern="%-5p %d{yyyy-MM-dd HH:mm:ss} [%t] %C (%F:%L) - %m%n" />
        </File>

        <Console name="STDOUT" target="SYSTEM_OUT">
            <PatternLayout pattern="%m (%-5p %d{yyyy-MM-dd HH:mm:ss} [%t] (%F:%L)) %n" />
        </Console>

    </Appenders>

    <Loggers>
        <Root level="info">
            <AppenderRef ref="STDOUT" />
            <AppenderRef ref="FILE" />
        </Root>

    </Loggers>
</Configuration>